{
  "1": {
    "success_rate": 0.82,
    "avg_coverage": 0.6700000000000002,
    "avg_time": 8.483782300994747,
    "cells_per_searcher": 33.5
  },
  "2": {
    "success_rate": 0.82,
    "avg_coverage": 0.632,
    "avg_time": 10.777352400606757,
    "cells_per_searcher": 15.8
  },
  "3": {
    "success_rate": 0.76,
    "avg_coverage": 0.5792,
    "avg_time": 15.466505151594973,
    "cells_per_searcher": 9.653333333333334
  },
  "5": {
    "success_rate": 0.32,
    "avg_coverage": 0.44599999999999995,
    "avg_time": 18.6246757492144,
    "cells_per_searcher": 4.46
  },
  "7": {
    "success_rate": 0.46,
    "avg_coverage": 0.4192,
    "avg_time": 19.68816686305497,
    "cells_per_searcher": 2.994285714285714
  },
  "10": {
    "success_rate": 0.42,
    "avg_coverage": 0.36279999999999996,
    "avg_time": 19.955406632957583,
    "cells_per_searcher": 1.814
  }
}